{
  "students": {
    "student_id": "int",
    "college_id": "",
    "last_authentication": "date",
    "major": "",
    "gender": "",
    "ethnicity": "",
    "offers": [
      "type": "",
      "accepted": "bool",
      "company_id": "int",
      "location": {
        "city": "",
        "state_province": "",
        "country": ""
      },
      "compensations": [
        "value": "double",
        "type": "",
        "bonuses": [
          "value": "double",
          "type": "",
          "repeatInterval": "",
          "repeatCount": "int",
          "immediate": false
        ],
      ]
    ],
  }
}
